booking_id,property_id,check_in_date,month,week_no,booking_platform,ratings_given,booking_status,revenue_generated
Jun012218561RT217,18561,01-Jun-22,Jun-22,W 23,direct offline,3,Checked Out,10800
Jun012216558RT11,16558,01-Jun-22,Jun-22,W 23,journey,3,Checked Out,10920
Jun012218561RT216,18561,01-Jun-22,Jun-22,W 23,others,5,Checked Out,10800
Jun012218561RT312,18561,01-Jun-22,Jun-22,W 23,others,5,Checked Out,14400
Jun012217560RT37,17560,01-Jun-22,Jun-22,W 23,others,3,Checked Out,24480
Jun012217560RT39,17560,01-Jun-22,Jun-22,W 23,makeyourtrip,3,Checked Out,22440
Jun012218561RT223,18561,01-Jun-22,Jun-22,W 23,others,5,Checked Out,9900
Jun012217564RT36,17564,01-Jun-22,Jun-22,W 23,journey,2,Checked Out,20400
Jun012217564RT34,17564,01-Jun-22,Jun-22,W 23,tripster,2,Checked Out,20400
Jun012217560RT31,17560,01-Jun-22,Jun-22,W 23,direct offline,3,Checked Out,20400
Jun012218561RT29,18561,01-Jun-22,Jun-22,W 23,direct online,5,Checked Out,9000
Jun012217560RT310,17560,01-Jun-22,Jun-22,W 23,journey,5,Checked Out,20400
Jun012219560RT22,19560,01-Jun-22,Jun-22,W 23,tripster,5,Checked Out,13500
Jun012219560RT211,19560,01-Jun-22,Jun-22,W 23,logtrip,5,Checked Out,13500
Jun012218561RT16,18561,01-Jun-22,Jun-22,W 23,makeyourtrip,5,Checked Out,6500
Jun012219560RT13,19560,01-Jun-22,Jun-22,W 23,others,5,Checked Out,9750
Jun012217564RT27,17564,01-Jun-22,Jun-22,W 23,others,5,Checked Out,15300
Jun012217560RT45,17560,01-Jun-22,Jun-22,W 23,others,3,Checked Out,32300
Jun012217560RT111,17560,01-Jun-22,Jun-22,W 23,others,3,Checked Out,11050
Jun012219560RT210,19560,01-Jun-22,Jun-22,W 23,others,3,Checked Out,13500
Jun012217560RT24,17560,01-Jun-22,Jun-22,W 23,others,4,Checked Out,15300
Jun012217560RT27,17560,01-Jun-22,Jun-22,W 23,others,4,Checked Out,15300
Jun012217560RT34,17560,01-Jun-22,Jun-22,W 23,others,2,Checked Out,20400
Jun012217564RT29,17564,01-Jun-22,Jun-22,W 23,others,1,Checked Out,15300
Jun012216558RT21,16558,01-Jun-22,Jun-22,W 23,journey,4,Checked Out,12600
Jun012218561RT211,18561,01-Jun-22,Jun-22,W 23,makeyourtrip,3,Checked Out,9000
Jun012218561RT34,18561,01-Jun-22,Jun-22,W 23,makeyourtrip,3,Checked Out,12000
Jun012217560RT113,17560,01-Jun-22,Jun-22,W 23,makeyourtrip,3,Checked Out,11050
Jun012219560RT49,19560,01-Jun-22,Jun-22,W 23,direct offline,5,Checked Out,28500
Jun012216558RT28,16558,01-Jun-22,Jun-22,W 23,makeyourtrip,5,Checked Out,12600
Jun012218561RT213,18561,01-Jun-22,Jun-22,W 23,others,5,Checked Out,9000
Jun012218561RT224,18561,01-Jun-22,Jun-22,W 23,others,5,Checked Out,9000
Jun012218561RT310,18561,01-Jun-22,Jun-22,W 23,others,5,Checked Out,12000
Jun012216558RT29,16558,01-Jun-22,Jun-22,W 23,others,5,Checked Out,12600
Jun012216558RT16,16558,01-Jun-22,Jun-22,W 23,others,3,Checked Out,9100
Jun012219560RT31,19560,01-Jun-22,Jun-22,W 23,others,3,Checked Out,18000
Jun012218561RT42,18561,01-Jun-22,Jun-22,W 23,others,3,Checked Out,19000
Jun022219560RT412,19560,02-Jun-22,Jun-22,W 23,others,5,Checked Out,37050
Jun022217560RT221,17560,02-Jun-22,Jun-22,W 23,logtrip,2,Checked Out,18360
Jun022219560RT225,19560,02-Jun-22,Jun-22,W 23,logtrip,5,Checked Out,16200
Jun022218561RT26,18561,02-Jun-22,Jun-22,W 23,others,5,Checked Out,10800
Jun022217560RT124,17560,02-Jun-22,Jun-22,W 23,others,3,Checked Out,13260
Jun022217560RT27,17560,02-Jun-22,Jun-22,W 23,others,2,Checked Out,18360
Jun022217560RT34,17560,02-Jun-22,Jun-22,W 23,makeyourtrip,1,Checked Out,22440
Jun022218561RT12,18561,02-Jun-22,Jun-22,W 23,tripster,4,Checked Out,7150
Jun022218561RT16,18561,02-Jun-22,Jun-22,W 23,direct offline,3,Checked Out,7150
Jun022216558RT33,16558,02-Jun-22,Jun-22,W 23,others,5,Checked Out,18480
Jun022219560RT39,19560,02-Jun-22,Jun-22,W 23,others,5,Checked Out,19800
Jun022216558RT114,16558,02-Jun-22,Jun-22,W 23,others,3,Checked Out,10010
Jun022218561RT22,18561,02-Jun-22,Jun-22,W 23,makeyourtrip,1,Checked Out,9000
Jun022217564RT214,17564,02-Jun-22,Jun-22,W 23,makeyourtrip,2,Checked Out,15300
Jun022216558RT217,16558,02-Jun-22,Jun-22,W 23,journey,4,Checked Out,12600
Jun022219560RT12,19560,02-Jun-22,Jun-22,W 23,journey,4,Checked Out,9750
Jun022219560RT32,19560,02-Jun-22,Jun-22,W 23,journey,4,Checked Out,18000
Jun022219560RT11,19560,02-Jun-22,Jun-22,W 23,direct online,4,Checked Out,9750
Jun022217560RT41,17560,02-Jun-22,Jun-22,W 23,makeyourtrip,4,Checked Out,32300
Jun022219560RT15,19560,02-Jun-22,Jun-22,W 23,tripster,3,Checked Out,9750
Jun022219560RT111,19560,02-Jun-22,Jun-22,W 23,direct online,3,Checked Out,9750
Jun022219560RT33,19560,02-Jun-22,Jun-22,W 23,direct online,3,Checked Out,18000
Jun022217560RT114,17560,02-Jun-22,Jun-22,W 23,tripster,3,Checked Out,11050
Jun022217560RT314,17560,02-Jun-22,Jun-22,W 23,makeyourtrip,3,Checked Out,20400
Jun022217560RT19,17560,02-Jun-22,Jun-22,W 23,makeyourtrip,3,Checked Out,11050
Jun022217560RT211,17560,02-Jun-22,Jun-22,W 23,makeyourtrip,3,Checked Out,15300
Jun022217564RT215,17564,02-Jun-22,Jun-22,W 23,makeyourtrip,3,Checked Out,15300
Jun022216558RT111,16558,02-Jun-22,Jun-22,W 23,direct offline,5,Checked Out,9100
Jun022219560RT215,19560,02-Jun-22,Jun-22,W 23,direct online,5,Checked Out,13500
Jun022219560RT217,19560,02-Jun-22,Jun-22,W 23,direct online,5,Checked Out,13500
Jun022219560RT112,19560,02-Jun-22,Jun-22,W 23,direct online,5,Checked Out,9750
Jun022219560RT121,19560,02-Jun-22,Jun-22,W 23,logtrip,5,Checked Out,9750
Jun022219560RT36,19560,02-Jun-22,Jun-22,W 23,direct offline,5,Checked Out,18000
Jun022219560RT414,19560,02-Jun-22,Jun-22,W 23,logtrip,5,Checked Out,28500
Jun022219560RT222,19560,02-Jun-22,Jun-22,W 23,makeyourtrip,5,Checked Out,13500
Jun022219560RT27,19560,02-Jun-22,Jun-22,W 23,others,5,Checked Out,13500
Jun022219560RT43,19560,02-Jun-22,Jun-22,W 23,others,5,Checked Out,28500
Jun022217560RT115,17560,02-Jun-22,Jun-22,W 23,others,3,Checked Out,11050
Jun022217560RT213,17560,02-Jun-22,Jun-22,W 23,others,3,Checked Out,15300
Jun022219560RT315,19560,02-Jun-22,Jun-22,W 23,others,4,Checked Out,18000
Jun022218561RT45,18561,02-Jun-22,Jun-22,W 23,others,4,Checked Out,19000
Jun022217560RT218,17560,02-Jun-22,Jun-22,W 23,others,4,Checked Out,15300
Jun022217564RT43,17564,02-Jun-22,Jun-22,W 23,others,4,Checked Out,32300
Jun022217564RT41,17564,02-Jun-22,Jun-22,W 23,others,2,Checked Out,32300
Jun022219560RT221,19560,02-Jun-22,Jun-22,W 23,others,1,Checked Out,13500
Jun022217564RT24,17564,02-Jun-22,Jun-22,W 23,others,1,Checked Out,15300
Jun022219560RT21,19560,02-Jun-22,Jun-22,W 23,makeyourtrip,2,Checked Out,13500
Jun022217564RT21,17564,02-Jun-22,Jun-22,W 23,makeyourtrip,2,Checked Out,15300
Jun022218561RT323,18561,02-Jun-22,Jun-22,W 23,logtrip,4,Checked Out,12000
Jun022218561RT215,18561,02-Jun-22,Jun-22,W 23,direct online,4,Checked Out,9000
Jun022217560RT37,17560,02-Jun-22,Jun-22,W 23,tripster,4,Checked Out,20400
Jun022217560RT43,17560,02-Jun-22,Jun-22,W 23,journey,4,Checked Out,32300
Jun022218561RT132,18561,02-Jun-22,Jun-22,W 23,makeyourtrip,4,Checked Out,6500
Jun022218561RT39,18561,02-Jun-22,Jun-22,W 23,logtrip,5,Checked Out,12000
Jun022218561RT130,18561,02-Jun-22,Jun-22,W 23,tripster,5,Checked Out,6500
Jun022218561RT11,18561,02-Jun-22,Jun-22,W 23,journey,5,Checked Out,6500
Jun022218561RT114,18561,02-Jun-22,Jun-22,W 23,journey,5,Checked Out,6500
Jun022218561RT38,18561,02-Jun-22,Jun-22,W 23,direct offline,5,Checked Out,12000
Jun022218561RT312,18561,02-Jun-22,Jun-22,W 23,direct offline,5,Checked Out,12000
Jun022219560RT312,19560,02-Jun-22,Jun-22,W 23,others,5,Checked Out,18000
Jun022216558RT113,16558,02-Jun-22,Jun-22,W 23,others,4,Checked Out,9100
Jun022218561RT110,18561,02-Jun-22,Jun-22,W 23,others,4,Checked Out,6500
Jun022218561RT118,18561,02-Jun-22,Jun-22,W 23,others,4,Checked Out,6500
Jun022219560RT310,19560,02-Jun-22,Jun-22,W 23,others,4,Checked Out,18000
Jun022218561RT230,18561,02-Jun-22,Jun-22,W 23,others,2,Checked Out,9000
Jun022217560RT17,17560,02-Jun-22,Jun-22,W 23,others,1,Checked Out,11050
Jun032217560RT115,17560,03-Jun-22,Jun-22,W 23,direct offline,2,Checked Out,13260
Jun032218561RT224,18561,03-Jun-22,Jun-22,W 23,direct online,5,Checked Out,10800
Jun032216558RT212,16558,03-Jun-22,Jun-22,W 23,makeyourtrip,5,Checked Out,15120
Jun032217564RT28,17564,03-Jun-22,Jun-22,W 23,others,2,Checked Out,18360
Jun032219560RT43,19560,03-Jun-22,Jun-22,W 23,journey,3,Checked Out,31350
Jun032218561RT120,18561,03-Jun-22,Jun-22,W 23,direct online,5,Checked Out,7150
Jun032219560RT211,19560,03-Jun-22,Jun-22,W 23,makeyourtrip,5,Checked Out,14850
Jun032216558RT110,16558,03-Jun-22,Jun-22,W 23,makeyourtrip,5,Checked Out,10010
Jun032219560RT218,19560,03-Jun-22,Jun-22,W 23,others,5,Checked Out,14850
Jun032218561RT19,18561,03-Jun-22,Jun-22,W 23,others,5,Checked Out,7150
Jun032217560RT26,17560,03-Jun-22,Jun-22,W 23,others,4,Checked Out,16830
Jun032217564RT12,17564,03-Jun-22,Jun-22,W 23,others,4,Checked Out,12155
Jun032219560RT32,19560,03-Jun-22,Jun-22,W 23,makeyourtrip,2,Checked Out,18000
Jun032217564RT211,17564,03-Jun-22,Jun-22,W 23,direct offline,2,Checked Out,15300
Jun032217560RT313,17560,03-Jun-22,Jun-22,W 23,logtrip,4,Checked Out,20400
Jun032219560RT219,19560,03-Jun-22,Jun-22,W 23,direct online,4,Checked Out,13500
Jun032217560RT44,17560,03-Jun-22,Jun-22,W 23,logtrip,3,Checked Out,32300
Jun032218561RT36,18561,03-Jun-22,Jun-22,W 23,logtrip,5,Checked Out,12000
Jun032217560RT38,17560,03-Jun-22,Jun-22,W 23,tripster,5,Checked Out,20400
Jun032219560RT28,19560,03-Jun-22,Jun-22,W 23,logtrip,5,Checked Out,13500
Jun032219560RT117,19560,03-Jun-22,Jun-22,W 23,journey,5,Checked Out,9750
Jun032219560RT48,19560,03-Jun-22,Jun-22,W 23,tripster,5,Checked Out,28500
Jun032219560RT223,19560,03-Jun-22,Jun-22,W 23,makeyourtrip,5,Checked Out,13500
Jun032219560RT121,19560,03-Jun-22,Jun-22,W 23,makeyourtrip,5,Checked Out,9750
Jun032219560RT410,19560,03-Jun-22,Jun-22,W 23,makeyourtrip,5,Checked Out,28500
Jun032219560RT36,19560,03-Jun-22,Jun-22,W 23,others,5,Checked Out,18000
Jun032217564RT21,17564,03-Jun-22,Jun-22,W 23,others,3,Checked Out,15300
Jun032219560RT22,19560,03-Jun-22,Jun-22,W 23,others,4,Checked Out,13500
Jun032219560RT315,19560,03-Jun-22,Jun-22,W 23,others,4,Checked Out,18000
Jun032219560RT411,19560,03-Jun-22,Jun-22,W 23,others,2,Checked Out,28500
Jun032217560RT45,17560,03-Jun-22,Jun-22,W 23,others,2,Checked Out,32300
Jun032217564RT22,17564,03-Jun-22,Jun-22,W 23,others,2,Checked Out,15300
Jun032219560RT213,19560,03-Jun-22,Jun-22,W 23,others,1,Checked Out,13500
Jun032217560RT22,17560,03-Jun-22,Jun-22,W 23,makeyourtrip,2,Checked Out,15300
Jun032218561RT117,18561,03-Jun-22,Jun-22,W 23,tripster,4,Checked Out,6500
Jun032217560RT121,17560,03-Jun-22,Jun-22,W 23,direct online,3,Checked Out,11050
Jun032216558RT116,16558,03-Jun-22,Jun-22,W 23,tripster,3,Checked Out,9100
Jun032218561RT34,18561,03-Jun-22,Jun-22,W 23,journey,3,Checked Out,12000
Jun032217560RT213,17560,03-Jun-22,Jun-22,W 23,logtrip,3,Checked Out,15300
Jun032216558RT28,16558,03-Jun-22,Jun-22,W 23,makeyourtrip,3,Checked Out,12600
Jun032216558RT16,16558,03-Jun-22,Jun-22,W 23,logtrip,5,Checked Out,9100
Jun032216558RT34,16558,03-Jun-22,Jun-22,W 23,logtrip,5,Checked Out,16800
Jun032218561RT210,18561,03-Jun-22,Jun-22,W 23,direct online,5,Checked Out,9000
Jun032218561RT121,18561,03-Jun-22,Jun-22,W 23,makeyourtrip,5,Checked Out,6500
Jun032218561RT314,18561,03-Jun-22,Jun-22,W 23,makeyourtrip,5,Checked Out,12000
Jun032218561RT15,18561,03-Jun-22,Jun-22,W 23,others,5,Checked Out,6500
Jun032218561RT126,18561,03-Jun-22,Jun-22,W 23,others,5,Checked Out,6500
Jun032219560RT15,19560,03-Jun-22,Jun-22,W 23,others,5,Checked Out,9750
Jun032216558RT15,16558,03-Jun-22,Jun-22,W 23,others,5,Checked Out,9100
Jun032217560RT212,17560,03-Jun-22,Jun-22,W 23,others,3,Checked Out,15300
Jun032217560RT222,17560,03-Jun-22,Jun-22,W 23,others,3,Checked Out,15300
Jun032218561RT17,18561,03-Jun-22,Jun-22,W 23,others,4,Checked Out,6500
Jun032217564RT215,17564,03-Jun-22,Jun-22,W 23,others,2,Checked Out,15300
Jun042217564RT35,17564,04-Jun-22,Jun-22,W 23,logtrip,2,Checked Out,26520
Jun042216558RT33,16558,04-Jun-22,Jun-22,W 23,logtrip,3,Checked Out,20160
Jun042217560RT11,17560,04-Jun-22,Jun-22,W 23,makeyourtrip,5,Checked Out,13260
Jun042219560RT113,19560,04-Jun-22,Jun-22,W 23,tripster,4,Checked Out,10725
Jun042218561RT38,18561,04-Jun-22,Jun-22,W 23,makeyourtrip,4,Checked Out,13200
Jun042219560RT33,19560,04-Jun-22,Jun-22,W 23,tripster,5,Checked Out,19800
Jun042219560RT115,19560,04-Jun-22,Jun-22,W 23,makeyourtrip,5,Checked Out,10725
Jun042218561RT39,18561,04-Jun-22,Jun-22,W 23,makeyourtrip,5,Checked Out,13200
Jun042217560RT113,17560,04-Jun-22,Jun-22,W 23,others,3,Checked Out,12155
Jun042218561RT211,18561,04-Jun-22,Jun-22,W 23,others,4,Checked Out,9900
Jun042217560RT315,17560,04-Jun-22,Jun-22,W 23,makeyourtrip,2,Checked Out,20400
Jun042217560RT118,17560,04-Jun-22,Jun-22,W 23,makeyourtrip,2,Checked Out,11050
Jun042217564RT214,17564,04-Jun-22,Jun-22,W 23,makeyourtrip,2,Checked Out,15300
Jun042217564RT26,17564,04-Jun-22,Jun-22,W 23,direct online,2,Checked Out,15300
Jun042217564RT36,17564,04-Jun-22,Jun-22,W 23,logtrip,2,Checked Out,20400
Jun042217564RT31,17564,04-Jun-22,Jun-22,W 23,journey,2,Checked Out,20400
Jun042219560RT225,19560,04-Jun-22,Jun-22,W 23,logtrip,4,Checked Out,13500
Jun042217564RT25,17564,04-Jun-22,Jun-22,W 23,logtrip,4,Checked Out,15300
Jun042217560RT111,17560,04-Jun-22,Jun-22,W 23,logtrip,3,Checked Out,11050
Jun042217560RT119,17560,04-Jun-22,Jun-22,W 23,makeyourtrip,3,Checked Out,11050
Jun042217560RT220,17560,04-Jun-22,Jun-22,W 23,makeyourtrip,3,Checked Out,15300
Jun042219560RT19,19560,04-Jun-22,Jun-22,W 23,direct online,5,Checked Out,9750
Jun042218561RT319,18561,04-Jun-22,Jun-22,W 23,others,5,Checked Out,12000
Jun042219560RT114,19560,04-Jun-22,Jun-22,W 23,others,5,Checked Out,9750
Jun042217564RT47,17564,04-Jun-22,Jun-22,W 23,others,3,Checked Out,32300
Jun042219560RT22,19560,04-Jun-22,Jun-22,W 23,others,4,Checked Out,13500
Jun042217564RT38,17564,04-Jun-22,Jun-22,W 23,others,2,Checked Out,20400
Jun042217564RT34,17564,04-Jun-22,Jun-22,W 23,direct online,2,Checked Out,20400
Jun042217564RT11,17564,04-Jun-22,Jun-22,W 23,makeyourtrip,2,Checked Out,11050
Jun042217564RT27,17564,04-Jun-22,Jun-22,W 23,makeyourtrip,4,Checked Out,15300
Jun042218561RT15,18561,04-Jun-22,Jun-22,W 23,tripster,3,Checked Out,6500
Jun042218561RT43,18561,04-Jun-22,Jun-22,W 23,journey,3,Checked Out,19000
Jun042219560RT228,19560,04-Jun-22,Jun-22,W 23,tripster,3,Checked Out,13500
Jun042218561RT227,18561,04-Jun-22,Jun-22,W 23,journey,5,Checked Out,9000
Jun042218561RT313,18561,04-Jun-22,Jun-22,W 23,journey,5,Checked Out,12000
Jun042219560RT116,19560,04-Jun-22,Jun-22,W 23,direct offline,5,Checked Out,9750
Jun042218561RT214,18561,04-Jun-22,Jun-22,W 23,others,5,Checked Out,9000
Jun042218561RT220,18561,04-Jun-22,Jun-22,W 23,others,5,Checked Out,9000
Jun042218561RT315,18561,04-Jun-22,Jun-22,W 23,others,5,Checked Out,12000
Jun042219560RT18,19560,04-Jun-22,Jun-22,W 23,others,5,Checked Out,9750
Jun042216558RT13,16558,04-Jun-22,Jun-22,W 23,others,5,Checked Out,9100
Jun042216558RT111,16558,04-Jun-22,Jun-22,W 23,others,5,Checked Out,9100
Jun042219560RT48,19560,04-Jun-22,Jun-22,W 23,others,5,Checked Out,28500
Jun042218561RT16,18561,04-Jun-22,Jun-22,W 23,others,3,Checked Out,6500
Jun042217560RT314,17560,04-Jun-22,Jun-22,W 23,others,3,Checked Out,20400
Jun042217560RT26,17560,04-Jun-22,Jun-22,W 23,others,3,Checked Out,15300
Jun042217564RT29,17564,04-Jun-22,Jun-22,W 23,others,2,Checked Out,15300
Jun052219560RT16,19560,05-Jun-22,Jun-22,W 24,journey,5,Checked Out,11700
Jun052218561RT17,18561,05-Jun-22,Jun-22,W 24,direct online,5,Checked Out,7800
Jun052218561RT46,18561,05-Jun-22,Jun-22,W 24,logtrip,5,Checked Out,22800
Jun052216558RT114,16558,05-Jun-22,Jun-22,W 24,others,5,Checked Out,10920
Jun052218561RT29,18561,05-Jun-22,Jun-22,W 24,others,4,Checked Out,10800
Jun052216558RT27,16558,05-Jun-22,Jun-22,W 24,others,5,Checked Out,13860
Jun052218561RT33,18561,05-Jun-22,Jun-22,W 24,others,4,Checked Out,13200
Jun052217560RT14,17560,05-Jun-22,Jun-22,W 24,direct online,1,Checked Out,11050
Jun052219560RT38,19560,05-Jun-22,Jun-22,W 24,tripster,4,Checked Out,18000
Jun052217560RT110,17560,05-Jun-22,Jun-22,W 24,logtrip,4,Checked Out,11050
Jun052217560RT210,17560,05-Jun-22,Jun-22,W 24,direct online,4,Checked Out,15300
Jun052219560RT18,19560,05-Jun-22,Jun-22,W 24,makeyourtrip,4,Checked Out,9750
Jun052219560RT123,19560,05-Jun-22,Jun-22,W 24,makeyourtrip,4,Checked Out,9750
Jun052218561RT34,18561,05-Jun-22,Jun-22,W 24,direct offline,3,Checked Out,12000
Jun052217560RT46,17560,05-Jun-22,Jun-22,W 24,direct offline,3,Checked Out,32300
Jun052217560RT38,17560,05-Jun-22,Jun-22,W 24,logtrip,3,Checked Out,20400
Jun052217560RT17,17560,05-Jun-22,Jun-22,W 24,direct online,3,Checked Out,11050
Jun052217560RT112,17560,05-Jun-22,Jun-22,W 24,journey,3,Checked Out,11050
Jun052219560RT17,19560,05-Jun-22,Jun-22,W 24,makeyourtrip,3,Checked Out,9750
Jun052217564RT33,17564,05-Jun-22,Jun-22,W 24,makeyourtrip,3,Checked Out,20400
Jun052216558RT29,16558,05-Jun-22,Jun-22,W 24,logtrip,5,Checked Out,12600
Jun052219560RT28,19560,05-Jun-22,Jun-22,W 24,logtrip,5,Checked Out,13500
Jun052219560RT229,19560,05-Jun-22,Jun-22,W 24,journey,5,Checked Out,13500
Jun052219560RT122,19560,05-Jun-22,Jun-22,W 24,direct online,5,Checked Out,9750
Jun052219560RT43,19560,05-Jun-22,Jun-22,W 24,tripster,5,Checked Out,28500
Jun052219560RT218,19560,05-Jun-22,Jun-22,W 24,makeyourtrip,5,Checked Out,13500
Jun052219560RT27,19560,05-Jun-22,Jun-22,W 24,others,5,Checked Out,13500
Jun052219560RT214,19560,05-Jun-22,Jun-22,W 24,others,5,Checked Out,13500
Jun052219560RT115,19560,05-Jun-22,Jun-22,W 24,others,5,Checked Out,9750
Jun052219560RT412,19560,05-Jun-22,Jun-22,W 24,others,5,Checked Out,28500
Jun052217564RT23,17564,05-Jun-22,Jun-22,W 24,others,2,Checked Out,15300
Jun052218561RT228,18561,05-Jun-22,Jun-22,W 24,tripster,3,Checked Out,9000
Jun052217560RT120,17560,05-Jun-22,Jun-22,W 24,logtrip,3,Checked Out,11050
Jun052217560RT29,17560,05-Jun-22,Jun-22,W 24,makeyourtrip,3,Checked Out,15300
Jun052217564RT24,17564,05-Jun-22,Jun-22,W 24,makeyourtrip,3,Checked Out,15300
Jun052219560RT11,19560,05-Jun-22,Jun-22,W 24,logtrip,5,Checked Out,9750
Jun052219560RT49,19560,05-Jun-22,Jun-22,W 24,direct online,5,Checked Out,28500
Jun052216558RT213,16558,05-Jun-22,Jun-22,W 24,journey,5,Checked Out,12600
Jun052216558RT215,16558,05-Jun-22,Jun-22,W 24,direct offline,5,Checked Out,12600
Jun052218561RT212,18561,05-Jun-22,Jun-22,W 24,makeyourtrip,5,Checked Out,9000
Jun052219560RT36,19560,05-Jun-22,Jun-22,W 24,makeyourtrip,5,Checked Out,18000
Jun052217560RT118,17560,05-Jun-22,Jun-22,W 24,others,5,Checked Out,11050
Jun052218561RT232,18561,05-Jun-22,Jun-22,W 24,others,5,Checked Out,9000
Jun052218561RT32,18561,05-Jun-22,Jun-22,W 24,others,5,Checked Out,12000
Jun052218561RT38,18561,05-Jun-22,Jun-22,W 24,others,5,Checked Out,12000
Jun052218561RT310,18561,05-Jun-22,Jun-22,W 24,others,5,Checked Out,12000
Jun052216558RT36,16558,05-Jun-22,Jun-22,W 24,others,5,Checked Out,16800
Jun052219560RT210,19560,05-Jun-22,Jun-22,W 24,others,1,Checked Out,13500
Jun062219560RT26,19560,06-Jun-22,Jun-22,W 24,direct online,4,Checked Out,16200
Jun062217560RT13,17560,06-Jun-22,Jun-22,W 24,makeyourtrip,3,Checked Out,13260
Jun062217564RT11,17564,06-Jun-22,Jun-22,W 24,direct online,2,Checked Out,12155
Jun062217564RT31,17564,06-Jun-22,Jun-22,W 24,logtrip,3,Checked Out,22440
Jun062219560RT25,19560,06-Jun-22,Jun-22,W 24,direct offline,5,Checked Out,14850
Jun062216558RT27,16558,06-Jun-22,Jun-22,W 24,makeyourtrip,5,Checked Out,13860
Jun062219560RT28,19560,06-Jun-22,Jun-22,W 24,others,5,Checked Out,14850
Jun062216558RT14,16558,06-Jun-22,Jun-22,W 24,others,5,Checked Out,10010
Jun062218561RT32,18561,06-Jun-22,Jun-22,W 24,others,4,Checked Out,13200
Jun062217564RT26,17564,06-Jun-22,Jun-22,W 24,makeyourtrip,1,Checked Out,15300
Jun062217564RT21,17564,06-Jun-22,Jun-22,W 24,makeyourtrip,1,Checked Out,15300
Jun062219560RT49,19560,06-Jun-22,Jun-22,W 24,journey,4,Checked Out,28500
Jun062216558RT33,16558,06-Jun-22,Jun-22,W 24,logtrip,3,Checked Out,16800
Jun062217560RT42,17560,06-Jun-22,Jun-22,W 24,logtrip,3,Checked Out,32300
Jun062217560RT31,17560,06-Jun-22,Jun-22,W 24,tripster,3,Checked Out,20400
Jun062217560RT17,17560,06-Jun-22,Jun-22,W 24,makeyourtrip,3,Checked Out,11050
Jun062218561RT19,18561,06-Jun-22,Jun-22,W 24,journey,5,Checked Out,6500
Jun062219560RT22,19560,06-Jun-22,Jun-22,W 24,journey,5,Checked Out,13500
Jun062219560RT212,19560,06-Jun-22,Jun-22,W 24,direct online,5,Checked Out,13500
Jun062219560RT18,19560,06-Jun-22,Jun-22,W 24,direct online,5,Checked Out,9750
Jun062219560RT115,19560,06-Jun-22,Jun-22,W 24,tripster,5,Checked Out,9750
Jun062218561RT21,18561,06-Jun-22,Jun-22,W 24,others,5,Checked Out,9000
Jun062219560RT217,19560,06-Jun-22,Jun-22,W 24,others,5,Checked Out,13500
Jun062219560RT11,19560,06-Jun-22,Jun-22,W 24,others,4,Checked Out,9750
Jun062219560RT48,19560,06-Jun-22,Jun-22,W 24,others,4,Checked Out,28500
Jun062218561RT114,18561,06-Jun-22,Jun-22,W 24,makeyourtrip,2,Checked Out,6500
Jun062217564RT25,17564,06-Jun-22,Jun-22,W 24,makeyourtrip,2,Checked Out,15300
Jun062217564RT32,17564,06-Jun-22,Jun-22,W 24,makeyourtrip,2,Checked Out,20400
Jun062217564RT41,17564,06-Jun-22,Jun-22,W 24,makeyourtrip,2,Checked Out,32300
Jun062217560RT210,17560,06-Jun-22,Jun-22,W 24,direct online,3,Checked Out,15300
Jun062217560RT14,17560,06-Jun-22,Jun-22,W 24,logtrip,3,Checked Out,11050
Jun062218561RT22,18561,06-Jun-22,Jun-22,W 24,logtrip,5,Checked Out,9000
Jun062218561RT113,18561,06-Jun-22,Jun-22,W 24,makeyourtrip,5,Checked Out,6500
Jun062218561RT26,18561,06-Jun-22,Jun-22,W 24,others,5,Checked Out,9000
Jun062218561RT217,18561,06-Jun-22,Jun-22,W 24,others,5,Checked Out,9000
Jun062218561RT17,18561,06-Jun-22,Jun-22,W 24,others,5,Checked Out,6500
Jun062218561RT36,18561,06-Jun-22,Jun-22,W 24,others,5,Checked Out,12000
Jun062218561RT214,18561,06-Jun-22,Jun-22,W 24,others,3,Checked Out,9000
Jun062216558RT42,16558,06-Jun-22,Jun-22,W 24,others,3,Checked Out,26600
Jun062218561RT311,18561,06-Jun-22,Jun-22,W 24,others,4,Checked Out,12000
Jun062218561RT42,18561,06-Jun-22,Jun-22,W 24,others,4,Checked Out,19000
Jun072219560RT47,19560,07-Jun-22,Jun-22,W 24,others,5,Checked Out,37050
Jun072217564RT32,17564,07-Jun-22,Jun-22,W 24,tripster,2,Checked Out,26520
Jun072216558RT11,16558,07-Jun-22,Jun-22,W 24,others,5,Checked Out,10920
Jun072219560RT49,19560,07-Jun-22,Jun-22,W 24,journey,4,Checked Out,31350
Jun072218561RT26,18561,07-Jun-22,Jun-22,W 24,others,5,Checked Out,9900
Jun072217564RT14,17564,07-Jun-22,Jun-22,W 24,logtrip,1,Checked Out,11050
Jun072218561RT111,18561,07-Jun-22,Jun-22,W 24,tripster,4,Checked Out,6500
Jun072219560RT220,19560,07-Jun-22,Jun-22,W 24,logtrip,4,Checked Out,13500
Jun072219560RT12,19560,07-Jun-22,Jun-22,W 24,direct online,4,Checked Out,9750
Jun072217560RT44,17560,07-Jun-22,Jun-22,W 24,logtrip,3,Checked Out,32300
Jun072217560RT32,17560,07-Jun-22,Jun-22,W 24,logtrip,3,Checked Out,20400
Jun072217560RT17,17560,07-Jun-22,Jun-22,W 24,tripster,3,Checked Out,11050
Jun072217560RT111,17560,07-Jun-22,Jun-22,W 24,direct online,3,Checked Out,11050
Jun072217560RT112,17560,07-Jun-22,Jun-22,W 24,direct online,3,Checked Out,11050
Jun072218561RT217,18561,07-Jun-22,Jun-22,W 24,journey,5,Checked Out,9000
Jun072216558RT41,16558,07-Jun-22,Jun-22,W 24,journey,5,Checked Out,26600
Jun072219560RT110,19560,07-Jun-22,Jun-22,W 24,logtrip,5,Checked Out,9750
Jun072219560RT44,19560,07-Jun-22,Jun-22,W 24,logtrip,5,Checked Out,28500
Jun072219560RT23,19560,07-Jun-22,Jun-22,W 24,makeyourtrip,5,Checked Out,13500
Jun072219560RT114,19560,07-Jun-22,Jun-22,W 24,makeyourtrip,5,Checked Out,9750
Jun072218561RT311,18561,07-Jun-22,Jun-22,W 24,others,5,Checked Out,12000
Jun072219560RT216,19560,07-Jun-22,Jun-22,W 24,others,5,Checked Out,13500
Jun072216558RT28,16558,07-Jun-22,Jun-22,W 24,others,3,Checked Out,12600
Jun072217560RT14,17560,07-Jun-22,Jun-22,W 24,others,3,Checked Out,11050
Jun072219560RT16,19560,07-Jun-22,Jun-22,W 24,others,4,Checked Out,9750
Jun072217564RT44,17564,07-Jun-22,Jun-22,W 24,others,4,Checked Out,32300
Jun072217564RT25,17564,07-Jun-22,Jun-22,W 24,others,2,Checked Out,15300
Jun072217564RT41,17564,07-Jun-22,Jun-22,W 24,others,1,Checked Out,32300
Jun072216558RT21,16558,07-Jun-22,Jun-22,W 24,tripster,1,Checked Out,12600
Jun072217564RT33,17564,07-Jun-22,Jun-22,W 24,direct online,2,Checked Out,20400
Jun072217560RT43,17560,07-Jun-22,Jun-22,W 24,direct offline,3,Checked Out,32300
Jun072219560RT37,19560,07-Jun-22,Jun-22,W 24,logtrip,3,Checked Out,18000
Jun072216558RT18,16558,07-Jun-22,Jun-22,W 24,logtrip,5,Checked Out,9100
Jun072216558RT34,16558,07-Jun-22,Jun-22,W 24,logtrip,5,Checked Out,16800
Jun072218561RT25,18561,07-Jun-22,Jun-22,W 24,makeyourtrip,5,Checked Out,9000
Jun072218561RT29,18561,07-Jun-22,Jun-22,W 24,others,5,Checked Out,9000
Jun072218561RT213,18561,07-Jun-22,Jun-22,W 24,others,5,Checked Out,9000
Jun072218561RT34,18561,07-Jun-22,Jun-22,W 24,others,5,Checked Out,12000
Jun072219560RT115,19560,07-Jun-22,Jun-22,W 24,others,5,Checked Out,9750
Jun072217560RT110,17560,07-Jun-22,Jun-22,W 24,others,3,Checked Out,11050
Jun072217560RT215,17560,07-Jun-22,Jun-22,W 24,others,3,Checked Out,15300
Jul012217564RT213,17564,01-Jul-22,Jul-22,W 27,makeyourtrip,2,No Show,15300
Jul012219560RT236,19560,01-Jul-22,Jul-22,W 27,others,5,No Show,13500
Jul012218561RT211,18561,01-Jul-22,Jul-22,W 27,others,5,No Show,9000
Jul012218561RT311,18561,01-Jul-22,Jul-22,W 27,others,5,Checked Out,15600
Jul012217560RT123,17560,01-Jul-22,Jul-22,W 27,direct online,1,Checked Out,13260
Jul012217560RT15,17560,01-Jul-22,Jul-22,W 27,journey,3,Checked Out,13260
Jul012217560RT228,17560,01-Jul-22,Jul-22,W 27,tripster,3,Checked Out,18360
Jul012218561RT129,18561,01-Jul-22,Jul-22,W 27,makeyourtrip,5,Checked Out,7800
Jul012218561RT223,18561,01-Jul-22,Jul-22,W 27,logtrip,5,Checked Out,10800
Jul012218561RT213,18561,01-Jul-22,Jul-22,W 27,others,5,Checked Out,10800
Jul012219560RT112,19560,01-Jul-22,Jul-22,W 27,others,3,Checked Out,11700
Jul012218561RT24,18561,01-Jul-22,Jul-22,W 27,others,4,Checked Out,10800
Jul012218561RT316,18561,01-Jul-22,Jul-22,W 27,makeyourtrip,4,Checked Out,13200
Jul012219560RT238,19560,01-Jul-22,Jul-22,W 27,journey,3,Checked Out,14850
Jul012216558RT27,16558,01-Jul-22,Jul-22,W 27,direct offline,5,Checked Out,13860
Jul012218561RT44,18561,01-Jul-22,Jul-22,W 27,tripster,5,Checked Out,20900
Jul012219560RT122,19560,01-Jul-22,Jul-22,W 27,tripster,5,Checked Out,10725
Jul012216558RT114,16558,01-Jul-22,Jul-22,W 27,logtrip,5,Checked Out,10010
Jul012218561RT117,18561,01-Jul-22,Jul-22,W 27,logtrip,5,Checked Out,7150
Jul012216558RT210,16558,01-Jul-22,Jul-22,W 27,makeyourtrip,5,Checked Out,13860
Jul012218561RT212,18561,01-Jul-22,Jul-22,W 27,makeyourtrip,5,Checked Out,9900
Jul012216558RT24,16558,01-Jul-22,Jul-22,W 27,others,5,Checked Out,13860
Jul012216558RT36,16558,01-Jul-22,Jul-22,W 27,others,5,Checked Out,18480
Jul012218561RT119,18561,01-Jul-22,Jul-22,W 27,others,5,Checked Out,7150
Jul012219560RT21,19560,01-Jul-22,Jul-22,W 27,others,5,Checked Out,14850
Jul012218561RT128,18561,01-Jul-22,Jul-22,W 27,others,4,Checked Out,7150
Jul012219560RT214,19560,01-Jul-22,Jul-22,W 27,direct online,1,Checked Out,13500
Jul012217564RT212,17564,01-Jul-22,Jul-22,W 27,journey,1,Checked Out,15300
Jul012219560RT114,19560,01-Jul-22,Jul-22,W 27,makeyourtrip,2,Checked Out,9750
Jul012217564RT41,17564,01-Jul-22,Jul-22,W 27,makeyourtrip,2,Checked Out,32300
Jul012219560RT217,19560,01-Jul-22,Jul-22,W 27,direct offline,4,Checked Out,13500
Jul012218561RT221,18561,01-Jul-22,Jul-22,W 27,makeyourtrip,4,Checked Out,9000
Jul012218561RT118,18561,01-Jul-22,Jul-22,W 27,direct offline,3,Checked Out,6500
Jul012219560RT39,19560,01-Jul-22,Jul-22,W 27,logtrip,3,Checked Out,18000
Jul012217564RT25,17564,01-Jul-22,Jul-22,W 27,logtrip,3,Checked Out,15300
Jul012219560RT23,19560,01-Jul-22,Jul-22,W 27,tripster,3,Checked Out,13500
Jul012217560RT11,17560,01-Jul-22,Jul-22,W 27,logtrip,3,Checked Out,11050
Jul012217560RT16,17560,01-Jul-22,Jul-22,W 27,journey,3,Checked Out,11050
Jul012217560RT38,17560,01-Jul-22,Jul-22,W 27,journey,3,Checked Out,20400
Jul012217560RT28,17560,01-Jul-22,Jul-22,W 27,tripster,3,Checked Out,15300
Jul012217560RT110,17560,01-Jul-22,Jul-22,W 27,makeyourtrip,3,Checked Out,11050
Jul012219560RT230,19560,01-Jul-22,Jul-22,W 27,journey,5,Checked Out,13500
Jul012218561RT15,18561,01-Jul-22,Jul-22,W 27,makeyourtrip,5,Checked Out,6500
Jul012219560RT416,19560,01-Jul-22,Jul-22,W 27,makeyourtrip,5,Checked Out,28500
Jul012218561RT220,18561,01-Jul-22,Jul-22,W 27,makeyourtrip,5,Checked Out,9000
Jul012216558RT25,16558,01-Jul-22,Jul-22,W 27,others,5,Checked Out,12600
Jul012219560RT119,19560,01-Jul-22,Jul-22,W 27,others,5,Checked Out,9750
Jul012219560RT234,19560,01-Jul-22,Jul-22,W 27,others,5,Checked Out,13500
Jul012219560RT315,19560,01-Jul-22,Jul-22,W 27,others,5,Checked Out,18000
Jul012217564RT44,17564,01-Jul-22,Jul-22,W 27,others,3,Checked Out,32300
Jul012217564RT211,17564,01-Jul-22,Jul-22,W 27,others,3,Checked Out,15300
Jul012217560RT215,17560,01-Jul-22,Jul-22,W 27,others,4,Checked Out,15300
Jul012217560RT227,17560,01-Jul-22,Jul-22,W 27,others,2,Checked Out,15300
Jul012217564RT42,17564,01-Jul-22,Jul-22,W 27,others,2,Checked Out,32300
Jul012218561RT319,18561,01-Jul-22,Jul-22,W 27,journey,2,Checked Out,12000
Jul012218561RT123,18561,01-Jul-22,Jul-22,W 27,logtrip,4,Checked Out,6500
Jul012219560RT111,19560,01-Jul-22,Jul-22,W 27,direct online,4,Checked Out,9750
Jul012216558RT221,16558,01-Jul-22,Jul-22,W 27,makeyourtrip,4,Checked Out,12600
Jul012218561RT12,18561,01-Jul-22,Jul-22,W 27,makeyourtrip,4,Checked Out,6500
Jul012219560RT121,19560,01-Jul-22,Jul-22,W 27,journey,3,Checked Out,9750
Jul012217560RT115,17560,01-Jul-22,Jul-22,W 27,journey,3,Checked Out,11050
Jul012217560RT211,17560,01-Jul-22,Jul-22,W 27,logtrip,3,Checked Out,15300
Jul012217560RT27,17560,01-Jul-22,Jul-22,W 27,makeyourtrip,3,Checked Out,15300
Jul012217560RT219,17560,01-Jul-22,Jul-22,W 27,makeyourtrip,3,Checked Out,15300
Jul012216558RT17,16558,01-Jul-22,Jul-22,W 27,direct online,5,Checked Out,9100
Jul012219560RT36,19560,01-Jul-22,Jul-22,W 27,direct online,5,Checked Out,18000
Jul012218561RT18,18561,01-Jul-22,Jul-22,W 27,tripster,5,Checked Out,6500
Jul012218561RT36,18561,01-Jul-22,Jul-22,W 27,journey,5,Checked Out,12000
Jul012216558RT16,16558,01-Jul-22,Jul-22,W 27,makeyourtrip,5,Checked Out,9100
Jul012216558RT22,16558,01-Jul-22,Jul-22,W 27,makeyourtrip,5,Checked Out,12600
Jul012218561RT48,18561,01-Jul-22,Jul-22,W 27,makeyourtrip,5,Checked Out,19000
Jul012218561RT214,18561,01-Jul-22,Jul-22,W 27,makeyourtrip,5,Checked Out,9000
Jul012218561RT28,18561,01-Jul-22,Jul-22,W 27,others,5,Checked Out,9000
Jul012218561RT132,18561,01-Jul-22,Jul-22,W 27,others,5,Checked Out,6500
Jul012218561RT314,18561,01-Jul-22,Jul-22,W 27,others,5,Checked Out,12000
Jul012218561RT49,18561,01-Jul-22,Jul-22,W 27,others,5,Checked Out,19000
Jul012219560RT235,19560,01-Jul-22,Jul-22,W 27,others,5,Checked Out,13500
Jul012216558RT19,16558,01-Jul-22,Jul-22,W 27,others,4,Checked Out,9100
Jul012218561RT38,18561,01-Jul-22,Jul-22,W 27,others,4,Checked Out,12000
Jul012216558RT11,16558,01-Jul-22,Jul-22,W 27,others,4,Checked Out,9100
Jul022218561RT17,18561,02-Jul-22,Jul-22,W 27,logtrip,4,No Show,7150
Jul022217560RT110,17560,02-Jul-22,Jul-22,W 27,makeyourtrip,3,No Show,11050
Jul022219560RT116,19560,02-Jul-22,Jul-22,W 27,others,5,No Show,9750
Jul022216558RT41,16558,02-Jul-22,Jul-22,W 27,direct online,3,No Show,26600
Jul022218561RT22,18561,02-Jul-22,Jul-22,W 27,others,1,No Show,9000
Jul022217560RT47,17560,02-Jul-22,Jul-22,W 27,others,3,No Show,32300
Jul022217560RT114,17560,02-Jul-22,Jul-22,W 27,others,5,No Show,11050
Jul022219560RT43,19560,02-Jul-22,Jul-22,W 27,direct online,4,Checked Out,39900
Jul022218561RT118,18561,02-Jul-22,Jul-22,W 27,tripster,5,Checked Out,7800
Jul022218561RT231,18561,02-Jul-22,Jul-22,W 27,journey,5,Checked Out,10800
Jul022218561RT18,18561,02-Jul-22,Jul-22,W 27,others,5,Checked Out,7800
Jul022218561RT113,18561,02-Jul-22,Jul-22,W 27,direct online,5,Checked Out,7150
Jul022218561RT225,18561,02-Jul-22,Jul-22,W 27,logtrip,5,Checked Out,9900
Jul022217560RT27,17560,02-Jul-22,Jul-22,W 27,others,3,Checked Out,16830
Jul022216558RT15,16558,02-Jul-22,Jul-22,W 27,logtrip,1,Checked Out,9100
Jul022219560RT110,19560,02-Jul-22,Jul-22,W 27,logtrip,2,Checked Out,9750
Jul022217560RT310,17560,02-Jul-22,Jul-22,W 27,direct online,2,Checked Out,20400
Jul022217560RT211,17560,02-Jul-22,Jul-22,W 27,makeyourtrip,2,Checked Out,15300
Jul022217564RT212,17564,02-Jul-22,Jul-22,W 27,direct online,2,Checked Out,15300
Jul022219560RT226,19560,02-Jul-22,Jul-22,W 27,direct offline,4,Checked Out,13500
Jul022219560RT118,19560,02-Jul-22,Jul-22,W 27,logtrip,4,Checked Out,9750
Jul022219560RT22,19560,02-Jul-22,Jul-22,W 27,direct online,4,Checked Out,13500
Jul022217560RT38,17560,02-Jul-22,Jul-22,W 27,makeyourtrip,4,Checked Out,20400
Jul022217560RT34,17560,02-Jul-22,Jul-22,W 27,direct online,3,Checked Out,20400
Jul022217560RT312,17560,02-Jul-22,Jul-22,W 27,direct online,3,Checked Out,20400
Jul022217560RT212,17560,02-Jul-22,Jul-22,W 27,logtrip,3,Checked Out,15300
Jul022217560RT39,17560,02-Jul-22,Jul-22,W 27,tripster,3,Checked Out,20400
Jul022217560RT31,17560,02-Jul-22,Jul-22,W 27,makeyourtrip,3,Checked Out,20400
Jul022217560RT219,17560,02-Jul-22,Jul-22,W 27,makeyourtrip,3,Checked Out,15300
Jul022218561RT213,18561,02-Jul-22,Jul-22,W 27,logtrip,5,Checked Out,9000
Jul022218561RT214,18561,02-Jul-22,Jul-22,W 27,logtrip,5,Checked Out,9000
Jul022219560RT113,19560,02-Jul-22,Jul-22,W 27,direct offline,5,Checked Out,9750
Jul022219560RT46,19560,02-Jul-22,Jul-22,W 27,journey,5,Checked Out,28500
Jul022219560RT16,19560,02-Jul-22,Jul-22,W 27,makeyourtrip,5,Checked Out,9750
Jul022219560RT211,19560,02-Jul-22,Jul-22,W 27,makeyourtrip,5,Checked Out,13500
Jul022219560RT49,19560,02-Jul-22,Jul-22,W 27,makeyourtrip,5,Checked Out,28500
Jul022219560RT36,19560,02-Jul-22,Jul-22,W 27,others,5,Checked Out,18000
Jul022217560RT35,17560,02-Jul-22,Jul-22,W 27,others,3,Checked Out,20400
Jul022217564RT32,17564,02-Jul-22,Jul-22,W 27,others,3,Checked Out,20400
Jul022217564RT21,17564,02-Jul-22,Jul-22,W 27,others,3,Checked Out,15300
Jul022217560RT119,17560,02-Jul-22,Jul-22,W 27,others,4,Checked Out,11050
Jul022217564RT27,17564,02-Jul-22,Jul-22,W 27,others,4,Checked Out,15300
Jul022217564RT215,17564,02-Jul-22,Jul-22,W 27,others,2,Checked Out,15300
Jul022217564RT42,17564,02-Jul-22,Jul-22,W 27,others,2,Checked Out,32300
Jul022218561RT27,18561,02-Jul-22,Jul-22,W 27,logtrip,4,Checked Out,9000
Jul022218561RT25,18561,02-Jul-22,Jul-22,W 27,direct online,4,Checked Out,9000
Jul022219560RT411,19560,02-Jul-22,Jul-22,W 27,makeyourtrip,4,Checked Out,28500
Jul022217560RT28,17560,02-Jul-22,Jul-22,W 27,direct offline,3,Checked Out,15300
Jul022216558RT116,16558,02-Jul-22,Jul-22,W 27,logtrip,3,Checked Out,9100
Jul022217560RT37,17560,02-Jul-22,Jul-22,W 27,logtrip,3,Checked Out,20400
Jul022216558RT11,16558,02-Jul-22,Jul-22,W 27,logtrip,5,Checked Out,9100
Jul022216558RT24,16558,02-Jul-22,Jul-22,W 27,direct online,5,Checked Out,12600
Jul022219560RT114,19560,02-Jul-22,Jul-22,W 27,direct online,5,Checked Out,9750
Jul022218561RT14,18561,02-Jul-22,Jul-22,W 27,direct online,5,Checked Out,6500
Jul022218561RT19,18561,02-Jul-22,Jul-22,W 27,direct online,5,Checked Out,6500
Jul022218561RT37,18561,02-Jul-22,Jul-22,W 27,direct online,5,Checked Out,12000
Jul022218561RT39,18561,02-Jul-22,Jul-22,W 27,direct online,5,Checked Out,12000
Jul022219560RT24,19560,02-Jul-22,Jul-22,W 27,tripster,5,Checked Out,13500
Jul022218561RT123,18561,02-Jul-22,Jul-22,W 27,tripster,5,Checked Out,6500
Jul022218561RT112,18561,02-Jul-22,Jul-22,W 27,journey,5,Checked Out,6500
Jul022218561RT46,18561,02-Jul-22,Jul-22,W 27,journey,5,Checked Out,19000
Jul022216558RT113,16558,02-Jul-22,Jul-22,W 27,makeyourtrip,5,Checked Out,9100
Jul022216558RT43,16558,02-Jul-22,Jul-22,W 27,makeyourtrip,5,Checked Out,26600
Jul022218561RT124,18561,02-Jul-22,Jul-22,W 27,makeyourtrip,5,Checked Out,6500
Jul022218561RT33,18561,02-Jul-22,Jul-22,W 27,makeyourtrip,5,Checked Out,12000
Jul022218561RT313,18561,02-Jul-22,Jul-22,W 27,others,5,Checked Out,12000
Jul022219560RT35,19560,02-Jul-22,Jul-22,W 27,others,5,Checked Out,18000
Jul022218561RT311,18561,02-Jul-22,Jul-22,W 27,others,3,Checked Out,12000
Jul022216558RT27,16558,02-Jul-22,Jul-22,W 27,others,4,Checked Out,12600
Jul022217560RT17,17560,02-Jul-22,Jul-22,W 27,others,2,Checked Out,11050
Jul032218561RT224,18561,03-Jul-22,Jul-22,W 28,makeyourtrip,5,No Show,9900
Jul032216558RT217,16558,03-Jul-22,Jul-22,W 28,makeyourtrip,5,No Show,13860
Jul032216558RT43,16558,03-Jul-22,Jul-22,W 28,others,5,No Show,31920
Jul032219560RT13,19560,03-Jul-22,Jul-22,W 28,makeyourtrip,4,No Show,9750
Jul032218561RT217,18561,03-Jul-22,Jul-22,W 28,journey,5,No Show,9000
Jul032219560RT221,19560,03-Jul-22,Jul-22,W 28,others,5,No Show,13500
Jul032218561RT314,18561,03-Jul-22,Jul-22,W 28,logtrip,5,No Show,12000
Jul032218561RT25,18561,03-Jul-22,Jul-22,W 28,tripster,4,No Show,9000
Jul032218561RT225,18561,03-Jul-22,Jul-22,W 28,others,5,No Show,9000
Jul032217560RT42,17560,03-Jul-22,Jul-22,W 28,makeyourtrip,3,Checked Out,41990
Jul032217560RT15,17560,03-Jul-22,Jul-22,W 28,tripster,3,Checked Out,13260
Jul032219560RT224,19560,03-Jul-22,Jul-22,W 28,direct offline,5,Checked Out,16200
Jul032216558RT29,16558,03-Jul-22,Jul-22,W 28,makeyourtrip,5,Checked Out,15120
Jul032219560RT220,19560,03-Jul-22,Jul-22,W 28,others,5,Checked Out,14850
Jul032216558RT216,16558,03-Jul-22,Jul-22,W 28,others,1,Checked Out,13860
Jul032219560RT119,19560,03-Jul-22,Jul-22,W 28,logtrip,4,Checked Out,9750
Jul032219560RT212,19560,03-Jul-22,Jul-22,W 28,tripster,3,Checked Out,13500
Jul032217560RT14,17560,03-Jul-22,Jul-22,W 28,journey,3,Checked Out,11050
Jul032217560RT115,17560,03-Jul-22,Jul-22,W 28,logtrip,3,Checked Out,11050
Jul032217560RT28,17560,03-Jul-22,Jul-22,W 28,makeyourtrip,3,Checked Out,15300
Jul032218561RT232,18561,03-Jul-22,Jul-22,W 28,journey,5,Checked Out,9000
Jul032218561RT33,18561,03-Jul-22,Jul-22,W 28,direct offline,5,Checked Out,12000
Jul032218561RT319,18561,03-Jul-22,Jul-22,W 28,logtrip,5,Checked Out,12000
Jul032219560RT115,19560,03-Jul-22,Jul-22,W 28,direct online,5,Checked Out,9750
Jul032219560RT33,19560,03-Jul-22,Jul-22,W 28,direct online,5,Checked Out,18000
Jul032219560RT311,19560,03-Jul-22,Jul-22,W 28,journey,5,Checked Out,18000
Jul032216558RT113,16558,03-Jul-22,Jul-22,W 28,makeyourtrip,5,Checked Out,9100
Jul032217560RT32,17560,03-Jul-22,Jul-22,W 28,makeyourtrip,5,Checked Out,20400
Jul032218561RT17,18561,03-Jul-22,Jul-22,W 28,others,5,Checked Out,6500
Jul032219560RT113,19560,03-Jul-22,Jul-22,W 28,others,5,Checked Out,9750
Jul032219560RT32,19560,03-Jul-22,Jul-22,W 28,others,5,Checked Out,18000
Jul032217560RT210,17560,03-Jul-22,Jul-22,W 28,others,5,Checked Out,15300
Jul032217560RT215,17560,03-Jul-22,Jul-22,W 28,others,3,Checked Out,15300
Jul032217560RT18,17560,03-Jul-22,Jul-22,W 28,others,4,Checked Out,11050
Jul032219560RT39,19560,03-Jul-22,Jul-22,W 28,others,1,Checked Out,18000
Jul032217564RT31,17564,03-Jul-22,Jul-22,W 28,tripster,1,Checked Out,20400
Jul032216558RT210,16558,03-Jul-22,Jul-22,W 28,tripster,2,Checked Out,12600
Jul032219560RT49,19560,03-Jul-22,Jul-22,W 28,direct online,2,Checked Out,28500
Jul032217564RT212,17564,03-Jul-22,Jul-22,W 28,direct offline,2,Checked Out,15300
Jul032219560RT217,19560,03-Jul-22,Jul-22,W 28,logtrip,4,Checked Out,13500
Jul032219560RT226,19560,03-Jul-22,Jul-22,W 28,direct online,4,Checked Out,13500
Jul032216558RT19,16558,03-Jul-22,Jul-22,W 28,direct online,4,Checked Out,9100
Jul032218561RT27,18561,03-Jul-22,Jul-22,W 28,direct offline,4,Checked Out,9000
Jul032218561RT18,18561,03-Jul-22,Jul-22,W 28,direct offline,4,Checked Out,6500
Jul032219560RT213,19560,03-Jul-22,Jul-22,W 28,makeyourtrip,4,Checked Out,13500
Jul032216558RT214,16558,03-Jul-22,Jul-22,W 28,makeyourtrip,4,Checked Out,12600
Jul032218561RT110,18561,03-Jul-22,Jul-22,W 28,makeyourtrip,4,Checked Out,6500
Jul032218561RT11,18561,03-Jul-22,Jul-22,W 28,tripster,3,Checked Out,6500
Jul032217560RT124,17560,03-Jul-22,Jul-22,W 28,makeyourtrip,3,Checked Out,11050
Jul032217560RT38,17560,03-Jul-22,Jul-22,W 28,makeyourtrip,3,Checked Out,20400
Jul032218561RT28,18561,03-Jul-22,Jul-22,W 28,logtrip,5,Checked Out,9000
Jul032218561RT29,18561,03-Jul-22,Jul-22,W 28,direct online,5,Checked Out,9000
Jul032218561RT14,18561,03-Jul-22,Jul-22,W 28,tripster,5,Checked Out,6500
Jul032218561RT125,18561,03-Jul-22,Jul-22,W 28,tripster,5,Checked Out,6500
Jul032216558RT42,16558,03-Jul-22,Jul-22,W 28,journey,5,Checked Out,26600
Jul032219560RT27,19560,03-Jul-22,Jul-22,W 28,makeyourtrip,5,Checked Out,13500
Jul032218561RT213,18561,03-Jul-22,Jul-22,W 28,makeyourtrip,5,Checked Out,9000
Jul032218561RT216,18561,03-Jul-22,Jul-22,W 28,makeyourtrip,5,Checked Out,9000
Jul032218561RT228,18561,03-Jul-22,Jul-22,W 28,makeyourtrip,5,Checked Out,9000
Jul032218561RT121,18561,03-Jul-22,Jul-22,W 28,makeyourtrip,5,Checked Out,6500
Jul032218561RT212,18561,03-Jul-22,Jul-22,W 28,others,5,Checked Out,9000
Jul032218561RT214,18561,03-Jul-22,Jul-22,W 28,others,5,Checked Out,9000
Jul032218561RT219,18561,03-Jul-22,Jul-22,W 28,others,5,Checked Out,9000
Jul032218561RT118,18561,03-Jul-22,Jul-22,W 28,others,3,Checked Out,6500
Jul032217564RT211,17564,03-Jul-22,Jul-22,W 28,others,3,Checked Out,15300
Jul032218561RT315,18561,03-Jul-22,Jul-22,W 28,others,4,Checked Out,12000
Jul042219560RT220,19560,04-Jul-22,Jul-22,W 28,tripster,5,No Show,16200
Jul042216558RT13,16558,04-Jul-22,Jul-22,W 28,makeyourtrip,3,No Show,10920
Jul042218561RT125,18561,04-Jul-22,Jul-22,W 28,tripster,5,No Show,7800
Jul042217560RT119,17560,04-Jul-22,Jul-22,W 28,logtrip,4,No Show,11050
Jul042217564RT28,17564,04-Jul-22,Jul-22,W 28,direct online,4,No Show,15300
Jul042217564RT311,17564,04-Jul-22,Jul-22,W 28,makeyourtrip,1,No Show,20400
Jul042219560RT111,19560,04-Jul-22,Jul-22,W 28,makeyourtrip,3,No Show,9750
Jul042219560RT213,19560,04-Jul-22,Jul-22,W 28,others,5,No Show,13500
Jul042218561RT110,18561,04-Jul-22,Jul-22,W 28,others,5,No Show,6500
Jul042219560RT311,19560,04-Jul-22,Jul-22,W 28,others,5,No Show,18000
Jul042218561RT48,18561,04-Jul-22,Jul-22,W 28,others,5,No Show,19000
Jul042218561RT17,18561,04-Jul-22,Jul-22,W 28,journey,5,No Show,6500
Jul042216558RT221,16558,04-Jul-22,Jul-22,W 28,tripster,4,No Show,12600
Jul042218561RT116,18561,04-Jul-22,Jul-22,W 28,direct online,4,No Show,6500
Jul042217560RT226,17560,04-Jul-22,Jul-22,W 28,journey,3,No Show,15300
Jul042219560RT115,19560,04-Jul-22,Jul-22,W 28,makeyourtrip,4,No Show,9750
Jul042216558RT210,16558,04-Jul-22,Jul-22,W 28,others,5,No Show,12600
Jul042218561RT317,18561,04-Jul-22,Jul-22,W 28,others,5,No Show,12000
Jul042217564RT15,17564,04-Jul-22,Jul-22,W 28,logtrip,2,Checked Out,13260
Jul042218561RT213,18561,04-Jul-22,Jul-22,W 28,logtrip,3,Checked Out,10800
Jul042219560RT25,19560,04-Jul-22,Jul-22,W 28,tripster,5,Checked Out,16200
Jul042219560RT116,19560,04-Jul-22,Jul-22,W 28,journey,5,Checked Out,11700
Jul042218561RT230,18561,04-Jul-22,Jul-22,W 28,others,5,Checked Out,10800
Jul042217560RT216,17560,04-Jul-22,Jul-22,W 28,others,2,Checked Out,18360
Jul042218561RT228,18561,04-Jul-22,Jul-22,W 28,makeyourtrip,5,Checked Out,9900
Jul042218561RT24,18561,04-Jul-22,Jul-22,W 28,others,5,Checked Out,9900
Jul042219560RT112,19560,04-Jul-22,Jul-22,W 28,others,3,Checked Out,10725
Jul042217560RT45,17560,04-Jul-22,Jul-22,W 28,others,1,Checked Out,35530
Jul042217564RT38,17564,04-Jul-22,Jul-22,W 28,logtrip,1,Checked Out,20400
Jul042217564RT11,17564,04-Jul-22,Jul-22,W 28,direct offline,2,Checked Out,11050
Jul042217560RT210,17560,04-Jul-22,Jul-22,W 28,direct online,4,Checked Out,15300
Jul042219560RT230,19560,04-Jul-22,Jul-22,W 28,makeyourtrip,4,Checked Out,13500
Jul042217560RT117,17560,04-Jul-22,Jul-22,W 28,makeyourtrip,4,Checked Out,11050
Jul042219560RT41,19560,04-Jul-22,Jul-22,W 28,journey,3,Checked Out,28500
Jul042219560RT218,19560,04-Jul-22,Jul-22,W 28,direct online,3,Checked Out,13500
Jul042217560RT113,17560,04-Jul-22,Jul-22,W 28,direct offline,3,Checked Out,11050
Jul042217560RT114,17560,04-Jul-22,Jul-22,W 28,tripster,3,Checked Out,11050
Jul042217560RT219,17560,04-Jul-22,Jul-22,W 28,tripster,3,Checked Out,15300
Jul042217560RT41,17560,04-Jul-22,Jul-22,W 28,makeyourtrip,3,Checked Out,32300
Jul042217560RT47,17560,04-Jul-22,Jul-22,W 28,makeyourtrip,3,Checked Out,32300
Jul042219560RT47,19560,04-Jul-22,Jul-22,W 28,journey,5,Checked Out,28500
Jul042219560RT410,19560,04-Jul-22,Jul-22,W 28,journey,5,Checked Out,28500
Jul042219560RT22,19560,04-Jul-22,Jul-22,W 28,makeyourtrip,5,Checked Out,13500
Jul042219560RT17,19560,04-Jul-22,Jul-22,W 28,makeyourtrip,5,Checked Out,9750
Jul042219560RT310,19560,04-Jul-22,Jul-22,W 28,makeyourtrip,5,Checked Out,18000
Jul042219560RT26,19560,04-Jul-22,Jul-22,W 28,others,5,Checked Out,13500
Jul042219560RT413,19560,04-Jul-22,Jul-22,W 28,others,5,Checked Out,28500
Jul042217560RT48,17560,04-Jul-22,Jul-22,W 28,others,3,Checked Out,32300
Jul042217564RT12,17564,04-Jul-22,Jul-22,W 28,others,3,Checked Out,11050
Jul042219560RT210,19560,04-Jul-22,Jul-22,W 28,others,3,Checked Out,13500
Jul042218561RT29,18561,04-Jul-22,Jul-22,W 28,others,4,Checked Out,9000
Jul042217560RT126,17560,04-Jul-22,Jul-22,W 28,others,4,Checked Out,11050
Jul042217560RT22,17560,04-Jul-22,Jul-22,W 28,others,4,Checked Out,15300
Jul042217564RT36,17564,04-Jul-22,Jul-22,W 28,others,4,Checked Out,20400
Jul042217564RT310,17564,04-Jul-22,Jul-22,W 28,others,4,Checked Out,20400
Jul042217564RT16,17564,04-Jul-22,Jul-22,W 28,others,2,Checked Out,11050
Jul042219560RT232,19560,04-Jul-22,Jul-22,W 28,others,1,Checked Out,13500
Jul042217560RT211,17560,04-Jul-22,Jul-22,W 28,logtrip,2,Checked Out,15300
Jul042217560RT35,17560,04-Jul-22,Jul-22,W 28,journey,3,Checked Out,20400
Jul042217560RT46,17560,04-Jul-22,Jul-22,W 28,journey,3,Checked Out,32300
Jul042216558RT17,16558,04-Jul-22,Jul-22,W 28,logtrip,3,Checked Out,9100
Jul042218561RT18,18561,04-Jul-22,Jul-22,W 28,logtrip,3,Checked Out,6500
Jul042219560RT231,19560,04-Jul-22,Jul-22,W 28,logtrip,3,Checked Out,13500
Jul042216558RT112,16558,04-Jul-22,Jul-22,W 28,logtrip,5,Checked Out,9100
Jul042216558RT114,16558,04-Jul-22,Jul-22,W 28,logtrip,5,Checked Out,9100
Jul042216558RT116,16558,04-Jul-22,Jul-22,W 28,logtrip,5,Checked Out,9100
Jul042216558RT214,16558,04-Jul-22,Jul-22,W 28,direct online,5,Checked Out,12600
Jul042218561RT218,18561,04-Jul-22,Jul-22,W 28,tripster,5,Checked Out,9000
Jul042218561RT233,18561,04-Jul-22,Jul-22,W 28,tripster,5,Checked Out,9000
Jul042219560RT227,19560,04-Jul-22,Jul-22,W 28,tripster,5,Checked Out,13500
Jul042219560RT15,19560,04-Jul-22,Jul-22,W 28,direct offline,5,Checked Out,9750
Jul042216558RT14,16558,04-Jul-22,Jul-22,W 28,makeyourtrip,5,Checked Out,9100
Jul042218561RT11,18561,04-Jul-22,Jul-22,W 28,others,5,Checked Out,6500
Jul042218561RT34,18561,04-Jul-22,Jul-22,W 28,others,5,Checked Out,12000
Jul042219560RT315,19560,04-Jul-22,Jul-22,W 28,others,5,Checked Out,18000
Jul042218561RT22,18561,04-Jul-22,Jul-22,W 28,others,4,Checked Out,9000
Jul042218561RT232,18561,04-Jul-22,Jul-22,W 28,others,4,Checked Out,9000
Jul042218561RT238,18561,04-Jul-22,Jul-22,W 28,others,4,Checked Out,9000
Jul042217560RT24,17560,04-Jul-22,Jul-22,W 28,others,2,Checked Out,15300
Jul042217564RT210,17564,04-Jul-22,Jul-22,W 28,others,2,Checked Out,15300
Jul042217564RT14,17564,04-Jul-22,Jul-22,W 28,others,1,Checked Out,11050
Jul052219560RT18,19560,05-Jul-22,Jul-22,W 28,others,5,No Show,11700
Jul052217560RT31,17560,05-Jul-22,Jul-22,W 28,makeyourtrip,3,No Show,20400
Jul052218561RT29,18561,05-Jul-22,Jul-22,W 28,direct online,5,No Show,9000
Jul052219560RT115,19560,05-Jul-22,Jul-22,W 28,direct online,5,No Show,9750
Jul052219560RT19,19560,05-Jul-22,Jul-22,W 28,others,3,No Show,9750
Jul052218561RT19,18561,05-Jul-22,Jul-22,W 28,others,5,No Show,6500
Jul052219560RT35,19560,05-Jul-22,Jul-22,W 28,logtrip,5,Checked Out,21600
Jul052219560RT215,19560,05-Jul-22,Jul-22,W 28,logtrip,5,Checked Out,16200
Jul052218561RT28,18561,05-Jul-22,Jul-22,W 28,others,5,Checked Out,10800
Jul052219560RT13,19560,05-Jul-22,Jul-22,W 28,others,5,Checked Out,11700
Jul052216558RT25,16558,05-Jul-22,Jul-22,W 28,others,5,Checked Out,15120
Jul052218561RT219,18561,05-Jul-22,Jul-22,W 28,makeyourtrip,4,Checked Out,9900
Jul052217560RT24,17560,05-Jul-22,Jul-22,W 28,makeyourtrip,2,Checked Out,15300
Jul052217560RT111,17560,05-Jul-22,Jul-22,W 28,makeyourtrip,4,Checked Out,11050
Jul052217560RT35,17560,05-Jul-22,Jul-22,W 28,direct online,3,Checked Out,20400
Jul052217560RT14,17560,05-Jul-22,Jul-22,W 28,makeyourtrip,3,Checked Out,11050
Jul052217560RT21,17560,05-Jul-22,Jul-22,W 28,makeyourtrip,3,Checked Out,15300
Jul052217560RT37,17560,05-Jul-22,Jul-22,W 28,makeyourtrip,3,Checked Out,20400
Jul052217560RT41,17560,05-Jul-22,Jul-22,W 28,makeyourtrip,3,Checked Out,32300
Jul052216558RT13,16558,05-Jul-22,Jul-22,W 28,journey,5,Checked Out,9100
Jul052218561RT37,18561,05-Jul-22,Jul-22,W 28,makeyourtrip,5,Checked Out,12000
Jul052218561RT224,18561,05-Jul-22,Jul-22,W 28,makeyourtrip,5,Checked Out,9000
Jul052219560RT49,19560,05-Jul-22,Jul-22,W 28,others,5,Checked Out,28500
Jul052219560RT17,19560,05-Jul-22,Jul-22,W 28,others,5,Checked Out,9750
Jul052219560RT218,19560,05-Jul-22,Jul-22,W 28,others,5,Checked Out,13500
Jul052217560RT113,17560,05-Jul-22,Jul-22,W 28,others,3,Checked Out,11050
Jul052217560RT23,17560,05-Jul-22,Jul-22,W 28,others,3,Checked Out,15300
Jul052219560RT26,19560,05-Jul-22,Jul-22,W 28,others,2,Checked Out,13500
Jul052217560RT44,17560,05-Jul-22,Jul-22,W 28,direct online,4,Checked Out,32300
Jul052217560RT16,17560,05-Jul-22,Jul-22,W 28,direct online,3,Checked Out,11050
Jul052216558RT24,16558,05-Jul-22,Jul-22,W 28,makeyourtrip,3,Checked Out,12600
Jul052218561RT212,18561,05-Jul-22,Jul-22,W 28,makeyourtrip,3,Checked Out,9000
Jul052216558RT32,16558,05-Jul-22,Jul-22,W 28,logtrip,5,Checked Out,16800
Jul052218561RT18,18561,05-Jul-22,Jul-22,W 28,logtrip,5,Checked Out,6500
Jul052218561RT113,18561,05-Jul-22,Jul-22,W 28,tripster,5,Checked Out,6500
Jul052218561RT117,18561,05-Jul-22,Jul-22,W 28,journey,5,Checked Out,6500
Jul052218561RT111,18561,05-Jul-22,Jul-22,W 28,others,5,Checked Out,6500
Jul052218561RT114,18561,05-Jul-22,Jul-22,W 28,others,5,Checked Out,6500
Jul052218561RT115,18561,05-Jul-22,Jul-22,W 28,others,5,Checked Out,6500
Jul052218561RT44,18561,05-Jul-22,Jul-22,W 28,others,5,Checked Out,19000
Jul052216558RT14,16558,05-Jul-22,Jul-22,W 28,others,5,Checked Out,9100
Jul052216558RT210,16558,05-Jul-22,Jul-22,W 28,others,4,Checked Out,12600
Jul052217560RT43,17560,05-Jul-22,Jul-22,W 28,others,2,Checked Out,32300
Jul052216558RT17,16558,05-Jul-22,Jul-22,W 28,others,1,Checked Out,9100
Jul062219560RT33,19560,06-Jul-22,Jul-22,W 28,others,5,No Show,19800
Jul062218561RT16,18561,06-Jul-22,Jul-22,W 28,others,4,No Show,7150
Jul062217564RT31,17564,06-Jul-22,Jul-22,W 28,makeyourtrip,2,No Show,28560
Jul062219560RT47,19560,06-Jul-22,Jul-22,W 28,others,4,No Show,28500
Jul062219560RT216,19560,06-Jul-22,Jul-22,W 28,others,4,No Show,13500
Jul062217560RT210,17560,06-Jul-22,Jul-22,W 28,makeyourtrip,1,No Show,15300
Jul062219560RT113,19560,06-Jul-22,Jul-22,W 28,makeyourtrip,4,No Show,9750
Jul062219560RT35,19560,06-Jul-22,Jul-22,W 28,logtrip,5,Checked Out,25200
Jul062218561RT215,18561,06-Jul-22,Jul-22,W 28,direct offline,3,Checked Out,10800
Jul062217560RT37,17560,06-Jul-22,Jul-22,W 28,direct online,3,Checked Out,24480
Jul062218561RT25,18561,06-Jul-22,Jul-22,W 28,logtrip,5,Checked Out,9900
Jul062218561RT218,18561,06-Jul-22,Jul-22,W 28,others,5,Checked Out,9900
Jul062218561RT110,18561,06-Jul-22,Jul-22,W 28,others,5,Checked Out,7150
Jul062216558RT16,16558,06-Jul-22,Jul-22,W 28,journey,1,Checked Out,9100
Jul062217564RT22,17564,06-Jul-22,Jul-22,W 28,makeyourtrip,2,Checked Out,15300
Jul062217564RT23,17564,06-Jul-22,Jul-22,W 28,makeyourtrip,2,Checked Out,15300
Jul062219560RT312,19560,06-Jul-22,Jul-22,W 28,journey,3,Checked Out,18000
Jul062217560RT12,17560,06-Jul-22,Jul-22,W 28,logtrip,3,Checked Out,11050
Jul062217560RT14,17560,06-Jul-22,Jul-22,W 28,logtrip,3,Checked Out,11050
Jul062217560RT111,17560,06-Jul-22,Jul-22,W 28,tripster,3,Checked Out,11050
Jul062217560RT112,17560,06-Jul-22,Jul-22,W 28,direct online,3,Checked Out,11050
Jul062217560RT35,17560,06-Jul-22,Jul-22,W 28,direct offline,3,Checked Out,20400
Jul062217560RT18,17560,06-Jul-22,Jul-22,W 28,makeyourtrip,3,Checked Out,11050
Jul062217560RT110,17560,06-Jul-22,Jul-22,W 28,makeyourtrip,3,Checked Out,11050
Jul062217560RT116,17560,06-Jul-22,Jul-22,W 28,makeyourtrip,3,Checked Out,11050
Jul062219560RT37,19560,06-Jul-22,Jul-22,W 28,tripster,5,Checked Out,18000
Jul062219560RT210,19560,06-Jul-22,Jul-22,W 28,journey,5,Checked Out,13500
Jul062219560RT219,19560,06-Jul-22,Jul-22,W 28,logtrip,5,Checked Out,13500
Jul062218561RT36,18561,06-Jul-22,Jul-22,W 28,makeyourtrip,5,Checked Out,12000
Jul062216558RT34,16558,06-Jul-22,Jul-22,W 28,others,5,Checked Out,16800
Jul062219560RT18,19560,06-Jul-22,Jul-22,W 28,others,5,Checked Out,9750
Jul062217564RT33,17564,06-Jul-22,Jul-22,W 28,others,3,Checked Out,20400
Jul062219560RT36,19560,06-Jul-22,Jul-22,W 28,others,4,Checked Out,18000
Jul062218561RT114,18561,06-Jul-22,Jul-22,W 28,others,4,Checked Out,6500
Jul062217560RT38,17560,06-Jul-22,Jul-22,W 28,others,4,Checked Out,20400
Jul062217564RT45,17564,06-Jul-22,Jul-22,W 28,others,1,Checked Out,32300
Jul062218561RT222,18561,06-Jul-22,Jul-22,W 28,journey,2,Checked Out,9000
Jul062218561RT29,18561,06-Jul-22,Jul-22,W 28,tripster,4,Checked Out,9000
Jul062217564RT27,17564,06-Jul-22,Jul-22,W 28,makeyourtrip,3,Checked Out,15300
Jul062216558RT19,16558,06-Jul-22,Jul-22,W 28,logtrip,5,Checked Out,9100
Jul062216558RT27,16558,06-Jul-22,Jul-22,W 28,direct online,5,Checked Out,12600
Jul062218561RT34,18561,06-Jul-22,Jul-22,W 28,direct online,5,Checked Out,12000
Jul062218561RT24,18561,06-Jul-22,Jul-22,W 28,makeyourtrip,5,Checked Out,9000
Jul062218561RT11,18561,06-Jul-22,Jul-22,W 28,makeyourtrip,5,Checked Out,6500
Jul062219560RT213,19560,06-Jul-22,Jul-22,W 28,makeyourtrip,5,Checked Out,13500
Jul062219560RT17,19560,06-Jul-22,Jul-22,W 28,makeyourtrip,5,Checked Out,9750
Jul062216558RT21,16558,06-Jul-22,Jul-22,W 28,others,3,Checked Out,12600
Jul072218561RT14,18561,07-Jul-22,Jul-22,W 28,direct online,4,No Show,7800
Jul072219560RT11,19560,07-Jul-22,Jul-22,W 28,others,1,No Show,9750
Jul072217560RT113,17560,07-Jul-22,Jul-22,W 28,direct online,3,No Show,11050
Jul072217560RT31,17560,07-Jul-22,Jul-22,W 28,others,3,No Show,20400
Jul072219560RT43,19560,07-Jul-22,Jul-22,W 28,others,5,No Show,28500
Jul072218561RT31,18561,07-Jul-22,Jul-22,W 28,logtrip,4,No Show,12000
Jul072217560RT28,17560,07-Jul-22,Jul-22,W 28,others,3,No Show,15300
Jul072217560RT32,17560,07-Jul-22,Jul-22,W 28,others,3,No Show,20400
Jul072216558RT31,16558,07-Jul-22,Jul-22,W 28,tripster,2,Checked Out,23520
Jul072217564RT29,17564,07-Jul-22,Jul-22,W 28,direct online,2,Checked Out,18360
Jul072219560RT33,19560,07-Jul-22,Jul-22,W 28,logtrip,4,Checked Out,21600
Jul072217560RT21,17560,07-Jul-22,Jul-22,W 28,logtrip,3,Checked Out,18360
Jul072218561RT112,18561,07-Jul-22,Jul-22,W 28,others,5,Checked Out,7800
Jul072216558RT33,16558,07-Jul-22,Jul-22,W 28,others,5,Checked Out,20160
Jul072217564RT14,17564,07-Jul-22,Jul-22,W 28,others,4,Checked Out,13260
Jul072216558RT210,16558,07-Jul-22,Jul-22,W 28,others,1,Checked Out,15120
Jul072216558RT12,16558,07-Jul-22,Jul-22,W 28,others,2,Checked Out,10920
Jul072219560RT19,19560,07-Jul-22,Jul-22,W 28,makeyourtrip,3,Checked Out,10725
Jul072217560RT17,17560,07-Jul-22,Jul-22,W 28,logtrip,3,Checked Out,12155
Jul072218561RT16,18561,07-Jul-22,Jul-22,W 28,makeyourtrip,5,Checked Out,7150
Jul072219560RT27,19560,07-Jul-22,Jul-22,W 28,logtrip,1,Checked Out,13500
Jul072217560RT16,17560,07-Jul-22,Jul-22,W 28,makeyourtrip,2,Checked Out,11050
Jul072217564RT35,17564,07-Jul-22,Jul-22,W 28,direct online,3,Checked Out,20400
Jul072218561RT12,18561,07-Jul-22,Jul-22,W 28,direct online,5,Checked Out,6500
Jul072219560RT29,19560,07-Jul-22,Jul-22,W 28,direct offline,5,Checked Out,13500
Jul072219560RT45,19560,07-Jul-22,Jul-22,W 28,makeyourtrip,5,Checked Out,28500
Jul072218561RT13,18561,07-Jul-22,Jul-22,W 28,others,5,Checked Out,6500
Jul072218561RT25,18561,07-Jul-22,Jul-22,W 28,others,5,Checked Out,9000
Jul072217564RT21,17564,07-Jul-22,Jul-22,W 28,others,5,Checked Out,15300
Jul072217560RT15,17560,07-Jul-22,Jul-22,W 28,others,3,Checked Out,11050
Jul072217560RT18,17560,07-Jul-22,Jul-22,W 28,others,3,Checked Out,11050
Jul072219560RT218,19560,07-Jul-22,Jul-22,W 28,others,3,Checked Out,13500
Jul072219560RT42,19560,07-Jul-22,Jul-22,W 28,others,4,Checked Out,28500
Jul072217564RT212,17564,07-Jul-22,Jul-22,W 28,others,4,Checked Out,15300
Jul072217560RT111,17560,07-Jul-22,Jul-22,W 28,others,2,Checked Out,11050
Jul072218561RT29,18561,07-Jul-22,Jul-22,W 28,direct offline,2,Checked Out,9000
Jul072218561RT23,18561,07-Jul-22,Jul-22,W 28,tripster,4,Checked Out,9000
Jul072216558RT11,16558,07-Jul-22,Jul-22,W 28,logtrip,5,Checked Out,9100
Jul072218561RT211,18561,07-Jul-22,Jul-22,W 28,direct online,5,Checked Out,9000
Jul072219560RT18,19560,07-Jul-22,Jul-22,W 28,makeyourtrip,5,Checked Out,9750
Jul072216558RT25,16558,07-Jul-22,Jul-22,W 28,makeyourtrip,5,Checked Out,12600
Jul072218561RT28,18561,07-Jul-22,Jul-22,W 28,others,5,Checked Out,9000
Jul072216558RT213,16558,07-Jul-22,Jul-22,W 28,others,5,Checked Out,12600
Jul072217560RT45,17560,07-Jul-22,Jul-22,W 28,others,3,Checked Out,32300
